"","period","mean","converge_time","signal","type","good"
"1",1,0.6,8,1,"ER_10","Correct consensus"
"2",2,0.6,8,1,"ER_10","Correct consensus"
"3",3,0.7,8,1,"ER_10","Correct consensus"
"4",4,0.9,8,1,"ER_10","Correct consensus"
"5",5,1,8,1,"ER_10","Correct consensus"
"6",6,1,8,1,"ER_10","Correct consensus"
"7",7,1,8,1,"ER_10","Correct consensus"
"8",8,1,8,1,"ER_10","Correct consensus"
"9",9,1,8,1,"ER_10","Correct consensus"
"10",10,1,8,1,"ER_10","Correct consensus"
"11",11,1,8,1,"ER_10","Correct consensus"
"12",12,1,8,1,"ER_10","Correct consensus"
"13",1,0.9,4,2,"ER_10","Correct consensus"
"14",2,1,4,2,"ER_10","Correct consensus"
"15",3,1,4,2,"ER_10","Correct consensus"
"16",4,1,4,2,"ER_10","Correct consensus"
"17",5,1,4,2,"ER_10","Correct consensus"
"18",6,1,4,2,"ER_10","Correct consensus"
"19",7,1,4,2,"ER_10","Correct consensus"
"20",8,1,4,2,"ER_10","Correct consensus"
"21",9,1,4,2,"ER_10","Correct consensus"
"22",10,1,4,2,"ER_10","Correct consensus"
"23",11,1,4,2,"ER_10","Correct consensus"
"24",12,1,4,2,"ER_10","Correct consensus"
"25",1,0.6,4,3,"ER_10","Correct consensus"
"26",2,0.7,4,3,"ER_10","Correct consensus"
"27",3,1,4,3,"ER_10","Correct consensus"
"28",4,1,4,3,"ER_10","Correct consensus"
"29",5,1,4,3,"ER_10","Correct consensus"
"30",6,1,4,3,"ER_10","Correct consensus"
"31",7,1,4,3,"ER_10","Correct consensus"
"32",8,1,4,3,"ER_10","Correct consensus"
"33",9,1,4,3,"ER_10","Correct consensus"
"34",10,1,4,3,"ER_10","Correct consensus"
"35",11,1,4,3,"ER_10","Correct consensus"
"36",12,1,4,3,"ER_10","Correct consensus"
"37",1,0.7,4,4,"ER_10","Correct consensus"
"38",2,0.8,4,4,"ER_10","Correct consensus"
"39",3,1,4,4,"ER_10","Correct consensus"
"40",4,1,4,4,"ER_10","Correct consensus"
"41",5,1,4,4,"ER_10","Correct consensus"
"42",6,1,4,4,"ER_10","Correct consensus"
"43",7,1,4,4,"ER_10","Correct consensus"
"44",8,1,4,4,"ER_10","Correct consensus"
"45",9,1,4,4,"ER_10","Correct consensus"
"46",10,1,4,4,"ER_10","Correct consensus"
"47",11,1,4,4,"ER_10","Correct consensus"
"48",12,1,4,4,"ER_10","Correct consensus"
"49",1,0.9,4,5,"ER_10","Correct consensus"
"50",2,1,4,5,"ER_10","Correct consensus"
"51",3,1,4,5,"ER_10","Correct consensus"
"52",4,1,4,5,"ER_10","Correct consensus"
"53",5,1,4,5,"ER_10","Correct consensus"
"54",6,1,4,5,"ER_10","Correct consensus"
"55",7,1,4,5,"ER_10","Correct consensus"
"56",8,1,4,5,"ER_10","Correct consensus"
"57",9,1,4,5,"ER_10","Correct consensus"
"58",10,1,4,5,"ER_10","Correct consensus"
"59",11,1,4,5,"ER_10","Correct consensus"
"60",12,1,4,5,"ER_10","Correct consensus"
"61",1,0.7,4,6,"ER_10","Correct consensus"
"62",2,0.8,4,6,"ER_10","Correct consensus"
"63",3,1,4,6,"ER_10","Correct consensus"
"64",4,1,4,6,"ER_10","Correct consensus"
"65",5,1,4,6,"ER_10","Correct consensus"
"66",6,1,4,6,"ER_10","Correct consensus"
"67",7,1,4,6,"ER_10","Correct consensus"
"68",8,1,4,6,"ER_10","Correct consensus"
"69",9,1,4,6,"ER_10","Correct consensus"
"70",10,1,4,6,"ER_10","Correct consensus"
"71",11,1,4,6,"ER_10","Correct consensus"
"72",12,1,4,6,"ER_10","Correct consensus"
"73",1,0.5,6,7,"ER_10","Incorrect consensus"
"74",2,0.3,6,7,"ER_10","Incorrect consensus"
"75",3,0,6,7,"ER_10","Incorrect consensus"
"76",4,0,6,7,"ER_10","Incorrect consensus"
"77",5,0,6,7,"ER_10","Incorrect consensus"
"78",6,0,6,7,"ER_10","Incorrect consensus"
"79",7,0,6,7,"ER_10","Incorrect consensus"
"80",8,0,6,7,"ER_10","Incorrect consensus"
"81",9,0,6,7,"ER_10","Incorrect consensus"
"82",10,0,6,7,"ER_10","Incorrect consensus"
"83",11,0,6,7,"ER_10","Incorrect consensus"
"84",12,0,6,7,"ER_10","Incorrect consensus"
"85",1,0.9,4,8,"ER_10","Correct consensus"
"86",2,1,4,8,"ER_10","Correct consensus"
"87",3,1,4,8,"ER_10","Correct consensus"
"88",4,1,4,8,"ER_10","Correct consensus"
"89",5,1,4,8,"ER_10","Correct consensus"
"90",6,1,4,8,"ER_10","Correct consensus"
"91",7,1,4,8,"ER_10","Correct consensus"
"92",8,1,4,8,"ER_10","Correct consensus"
"93",9,1,4,8,"ER_10","Correct consensus"
"94",10,1,4,8,"ER_10","Correct consensus"
"95",11,1,4,8,"ER_10","Correct consensus"
"96",12,1,4,8,"ER_10","Correct consensus"
"97",1,0.5,6,9,"ER_10","Incorrect consensus"
"98",2,0.5,6,9,"ER_10","Incorrect consensus"
"99",3,0.2,6,9,"ER_10","Incorrect consensus"
"100",4,0,6,9,"ER_10","Incorrect consensus"
"101",5,0,6,9,"ER_10","Incorrect consensus"
"102",6,0,6,9,"ER_10","Incorrect consensus"
"103",7,0,6,9,"ER_10","Incorrect consensus"
"104",8,0,6,9,"ER_10","Incorrect consensus"
"105",9,0,6,9,"ER_10","Incorrect consensus"
"106",10,0,6,9,"ER_10","Incorrect consensus"
"107",11,0,6,9,"ER_10","Incorrect consensus"
"108",12,0,6,9,"ER_10","Incorrect consensus"
"109",1,0.7,5,10,"ER_10","Correct consensus"
"110",2,0.9,5,10,"ER_10","Correct consensus"
"111",3,1,5,10,"ER_10","Correct consensus"
"112",4,1,5,10,"ER_10","Correct consensus"
"113",5,1,5,10,"ER_10","Correct consensus"
"114",6,1,5,10,"ER_10","Correct consensus"
"115",7,1,5,10,"ER_10","Correct consensus"
"116",8,1,5,10,"ER_10","Correct consensus"
"117",9,1,5,10,"ER_10","Correct consensus"
"118",10,1,5,10,"ER_10","Correct consensus"
"119",11,1,5,10,"ER_10","Correct consensus"
"120",12,1,5,10,"ER_10","Correct consensus"
"121",1,0.8,4,11,"ER_10","Correct consensus"
"122",2,1,4,11,"ER_10","Correct consensus"
"123",3,1,4,11,"ER_10","Correct consensus"
"124",4,1,4,11,"ER_10","Correct consensus"
"125",5,1,4,11,"ER_10","Correct consensus"
"126",6,1,4,11,"ER_10","Correct consensus"
"127",7,1,4,11,"ER_10","Correct consensus"
"128",8,1,4,11,"ER_10","Correct consensus"
"129",9,1,4,11,"ER_10","Correct consensus"
"130",10,1,4,11,"ER_10","Correct consensus"
"131",11,1,4,11,"ER_10","Correct consensus"
"132",12,1,4,11,"ER_10","Correct consensus"
"133",1,0.7,4,12,"ER_10","Correct consensus"
"134",2,0.8,4,12,"ER_10","Correct consensus"
"135",3,1,4,12,"ER_10","Correct consensus"
"136",4,1,4,12,"ER_10","Correct consensus"
"137",5,1,4,12,"ER_10","Correct consensus"
"138",6,1,4,12,"ER_10","Correct consensus"
"139",7,1,4,12,"ER_10","Correct consensus"
"140",8,1,4,12,"ER_10","Correct consensus"
"141",9,1,4,12,"ER_10","Correct consensus"
"142",10,1,4,12,"ER_10","Correct consensus"
"143",11,1,4,12,"ER_10","Correct consensus"
"144",12,1,4,12,"ER_10","Correct consensus"
"145",1,0.8,4,13,"ER_10","Correct consensus"
"146",2,1,4,13,"ER_10","Correct consensus"
"147",3,1,4,13,"ER_10","Correct consensus"
"148",4,1,4,13,"ER_10","Correct consensus"
"149",5,1,4,13,"ER_10","Correct consensus"
"150",6,1,4,13,"ER_10","Correct consensus"
"151",7,1,4,13,"ER_10","Correct consensus"
"152",8,1,4,13,"ER_10","Correct consensus"
"153",9,1,4,13,"ER_10","Correct consensus"
"154",10,1,4,13,"ER_10","Correct consensus"
"155",11,1,4,13,"ER_10","Correct consensus"
"156",12,1,4,13,"ER_10","Correct consensus"
"157",1,0.9,3,14,"ER_10","Correct consensus"
"158",2,1,3,14,"ER_10","Correct consensus"
"159",3,1,3,14,"ER_10","Correct consensus"
"160",4,1,3,14,"ER_10","Correct consensus"
"161",5,1,3,14,"ER_10","Correct consensus"
"162",6,1,3,14,"ER_10","Correct consensus"
"163",7,1,3,14,"ER_10","Correct consensus"
"164",8,1,3,14,"ER_10","Correct consensus"
"165",9,1,3,14,"ER_10","Correct consensus"
"166",10,1,3,14,"ER_10","Correct consensus"
"167",11,1,3,14,"ER_10","Correct consensus"
"168",12,1,3,14,"ER_10","Correct consensus"
"169",1,0.8,4,15,"ER_10","Correct consensus"
"170",2,1,4,15,"ER_10","Correct consensus"
"171",3,1,4,15,"ER_10","Correct consensus"
"172",4,1,4,15,"ER_10","Correct consensus"
"173",5,1,4,15,"ER_10","Correct consensus"
"174",6,1,4,15,"ER_10","Correct consensus"
"175",7,1,4,15,"ER_10","Correct consensus"
"176",8,1,4,15,"ER_10","Correct consensus"
"177",9,1,4,15,"ER_10","Correct consensus"
"178",10,1,4,15,"ER_10","Correct consensus"
"179",11,1,4,15,"ER_10","Correct consensus"
"180",12,1,4,15,"ER_10","Correct consensus"
"181",1,0.9,3,16,"ER_10","Correct consensus"
"182",2,1,3,16,"ER_10","Correct consensus"
"183",3,1,3,16,"ER_10","Correct consensus"
"184",4,1,3,16,"ER_10","Correct consensus"
"185",5,1,3,16,"ER_10","Correct consensus"
"186",6,1,3,16,"ER_10","Correct consensus"
"187",7,1,3,16,"ER_10","Correct consensus"
"188",8,1,3,16,"ER_10","Correct consensus"
"189",9,1,3,16,"ER_10","Correct consensus"
"190",10,1,3,16,"ER_10","Correct consensus"
"191",11,1,3,16,"ER_10","Correct consensus"
"192",12,1,3,16,"ER_10","Correct consensus"
"193",1,0.8,3,17,"ER_10","Correct consensus"
"194",2,1,3,17,"ER_10","Correct consensus"
"195",3,1,3,17,"ER_10","Correct consensus"
"196",4,1,3,17,"ER_10","Correct consensus"
"197",5,1,3,17,"ER_10","Correct consensus"
"198",6,1,3,17,"ER_10","Correct consensus"
"199",7,1,3,17,"ER_10","Correct consensus"
"200",8,1,3,17,"ER_10","Correct consensus"
"201",9,1,3,17,"ER_10","Correct consensus"
"202",10,1,3,17,"ER_10","Correct consensus"
"203",11,1,3,17,"ER_10","Correct consensus"
"204",12,1,3,17,"ER_10","Correct consensus"
"205",1,0.6,5,18,"ER_10","Correct consensus"
"206",2,0.8,5,18,"ER_10","Correct consensus"
"207",3,1,5,18,"ER_10","Correct consensus"
"208",4,1,5,18,"ER_10","Correct consensus"
"209",5,1,5,18,"ER_10","Correct consensus"
"210",6,1,5,18,"ER_10","Correct consensus"
"211",7,1,5,18,"ER_10","Correct consensus"
"212",8,1,5,18,"ER_10","Correct consensus"
"213",9,1,5,18,"ER_10","Correct consensus"
"214",10,1,5,18,"ER_10","Correct consensus"
"215",11,1,5,18,"ER_10","Correct consensus"
"216",12,1,5,18,"ER_10","Correct consensus"
"217",1,0.9,3,19,"ER_10","Correct consensus"
"218",2,1,3,19,"ER_10","Correct consensus"
"219",3,1,3,19,"ER_10","Correct consensus"
"220",4,1,3,19,"ER_10","Correct consensus"
"221",5,1,3,19,"ER_10","Correct consensus"
"222",6,1,3,19,"ER_10","Correct consensus"
"223",7,1,3,19,"ER_10","Correct consensus"
"224",8,1,3,19,"ER_10","Correct consensus"
"225",9,1,3,19,"ER_10","Correct consensus"
"226",10,1,3,19,"ER_10","Correct consensus"
"227",11,1,3,19,"ER_10","Correct consensus"
"228",12,1,3,19,"ER_10","Correct consensus"
"229",1,0.6,5,20,"ER_10","Correct consensus"
"230",2,0.8,5,20,"ER_10","Correct consensus"
"231",3,1,5,20,"ER_10","Correct consensus"
"232",4,1,5,20,"ER_10","Correct consensus"
"233",5,1,5,20,"ER_10","Correct consensus"
"234",6,1,5,20,"ER_10","Correct consensus"
"235",7,1,5,20,"ER_10","Correct consensus"
"236",8,1,5,20,"ER_10","Correct consensus"
"237",9,1,5,20,"ER_10","Correct consensus"
"238",10,1,5,20,"ER_10","Correct consensus"
"239",11,1,5,20,"ER_10","Correct consensus"
"240",12,1,5,20,"ER_10","Correct consensus"
"241",1,0.6,5,21,"ER_10","Correct consensus"
"242",2,0.8,5,21,"ER_10","Correct consensus"
"243",3,1,5,21,"ER_10","Correct consensus"
"244",4,1,5,21,"ER_10","Correct consensus"
"245",5,1,5,21,"ER_10","Correct consensus"
"246",6,1,5,21,"ER_10","Correct consensus"
"247",7,1,5,21,"ER_10","Correct consensus"
"248",8,1,5,21,"ER_10","Correct consensus"
"249",9,1,5,21,"ER_10","Correct consensus"
"250",10,1,5,21,"ER_10","Correct consensus"
"251",11,1,5,21,"ER_10","Correct consensus"
"252",12,1,5,21,"ER_10","Correct consensus"
"253",1,0.7,5,22,"ER_10","Correct consensus"
"254",2,0.9,5,22,"ER_10","Correct consensus"
"255",3,1,5,22,"ER_10","Correct consensus"
"256",4,1,5,22,"ER_10","Correct consensus"
"257",5,1,5,22,"ER_10","Correct consensus"
"258",6,1,5,22,"ER_10","Correct consensus"
"259",7,1,5,22,"ER_10","Correct consensus"
"260",8,1,5,22,"ER_10","Correct consensus"
"261",9,1,5,22,"ER_10","Correct consensus"
"262",10,1,5,22,"ER_10","Correct consensus"
"263",11,1,5,22,"ER_10","Correct consensus"
"264",12,1,5,22,"ER_10","Correct consensus"
"265",1,0.7,5,23,"ER_10","Correct consensus"
"266",2,0.9,5,23,"ER_10","Correct consensus"
"267",3,1,5,23,"ER_10","Correct consensus"
"268",4,1,5,23,"ER_10","Correct consensus"
"269",5,1,5,23,"ER_10","Correct consensus"
"270",6,1,5,23,"ER_10","Correct consensus"
"271",7,1,5,23,"ER_10","Correct consensus"
"272",8,1,5,23,"ER_10","Correct consensus"
"273",9,1,5,23,"ER_10","Correct consensus"
"274",10,1,5,23,"ER_10","Correct consensus"
"275",11,1,5,23,"ER_10","Correct consensus"
"276",12,1,5,23,"ER_10","Correct consensus"
"277",1,0.6,5,24,"ER_10","Correct consensus"
"278",2,0.9,5,24,"ER_10","Correct consensus"
"279",3,1,5,24,"ER_10","Correct consensus"
"280",4,1,5,24,"ER_10","Correct consensus"
"281",5,1,5,24,"ER_10","Correct consensus"
"282",6,1,5,24,"ER_10","Correct consensus"
"283",7,1,5,24,"ER_10","Correct consensus"
"284",8,1,5,24,"ER_10","Correct consensus"
"285",9,1,5,24,"ER_10","Correct consensus"
"286",10,1,5,24,"ER_10","Correct consensus"
"287",11,1,5,24,"ER_10","Correct consensus"
"288",12,1,5,24,"ER_10","Correct consensus"
"289",1,0.6,4,1,"SB_10","Breakdown"
"290",2,0.6,4,1,"SB_10","Breakdown"
"291",3,0.6,4,1,"SB_10","Breakdown"
"292",4,0.6,4,1,"SB_10","Breakdown"
"293",5,0.6,4,1,"SB_10","Breakdown"
"294",6,0.6,4,1,"SB_10","Breakdown"
"295",7,0.6,4,1,"SB_10","Breakdown"
"296",8,0.6,4,1,"SB_10","Breakdown"
"297",9,0.6,4,1,"SB_10","Breakdown"
"298",10,0.6,4,1,"SB_10","Breakdown"
"299",11,0.6,4,1,"SB_10","Breakdown"
"300",12,0.6,4,1,"SB_10","Breakdown"
"301",1,0.9,3,2,"SB_10","Correct consensus"
"302",2,1,3,2,"SB_10","Correct consensus"
"303",3,1,3,2,"SB_10","Correct consensus"
"304",4,1,3,2,"SB_10","Correct consensus"
"305",5,1,3,2,"SB_10","Correct consensus"
"306",6,1,3,2,"SB_10","Correct consensus"
"307",7,1,3,2,"SB_10","Correct consensus"
"308",8,1,3,2,"SB_10","Correct consensus"
"309",9,1,3,2,"SB_10","Correct consensus"
"310",10,1,3,2,"SB_10","Correct consensus"
"311",11,1,3,2,"SB_10","Correct consensus"
"312",12,1,3,2,"SB_10","Correct consensus"
"313",1,0.6,4,3,"SB_10","Correct consensus"
"314",2,0.6,4,3,"SB_10","Correct consensus"
"315",3,0.6,4,3,"SB_10","Correct consensus"
"316",4,1,4,3,"SB_10","Correct consensus"
"317",5,1,4,3,"SB_10","Correct consensus"
"318",6,1,4,3,"SB_10","Correct consensus"
"319",7,1,4,3,"SB_10","Correct consensus"
"320",8,1,4,3,"SB_10","Correct consensus"
"321",9,1,4,3,"SB_10","Correct consensus"
"322",10,1,4,3,"SB_10","Correct consensus"
"323",11,1,4,3,"SB_10","Correct consensus"
"324",12,1,4,3,"SB_10","Correct consensus"
"325",1,0.7,3,4,"SB_10","Correct consensus"
"326",2,1,3,4,"SB_10","Correct consensus"
"327",3,1,3,4,"SB_10","Correct consensus"
"328",4,1,3,4,"SB_10","Correct consensus"
"329",5,1,3,4,"SB_10","Correct consensus"
"330",6,1,3,4,"SB_10","Correct consensus"
"331",7,1,3,4,"SB_10","Correct consensus"
"332",8,1,3,4,"SB_10","Correct consensus"
"333",9,1,3,4,"SB_10","Correct consensus"
"334",10,1,3,4,"SB_10","Correct consensus"
"335",11,1,3,4,"SB_10","Correct consensus"
"336",12,1,3,4,"SB_10","Correct consensus"
"337",1,0.9,3,5,"SB_10","Correct consensus"
"338",2,1,3,5,"SB_10","Correct consensus"
"339",3,1,3,5,"SB_10","Correct consensus"
"340",4,1,3,5,"SB_10","Correct consensus"
"341",5,1,3,5,"SB_10","Correct consensus"
"342",6,1,3,5,"SB_10","Correct consensus"
"343",7,1,3,5,"SB_10","Correct consensus"
"344",8,1,3,5,"SB_10","Correct consensus"
"345",9,1,3,5,"SB_10","Correct consensus"
"346",10,1,3,5,"SB_10","Correct consensus"
"347",11,1,3,5,"SB_10","Correct consensus"
"348",12,1,3,5,"SB_10","Correct consensus"
"349",1,0.7,4,6,"SB_10","Correct consensus"
"350",2,0.9,4,6,"SB_10","Correct consensus"
"351",3,1,4,6,"SB_10","Correct consensus"
"352",4,1,4,6,"SB_10","Correct consensus"
"353",5,1,4,6,"SB_10","Correct consensus"
"354",6,1,4,6,"SB_10","Correct consensus"
"355",7,1,4,6,"SB_10","Correct consensus"
"356",8,1,4,6,"SB_10","Correct consensus"
"357",9,1,4,6,"SB_10","Correct consensus"
"358",10,1,4,6,"SB_10","Correct consensus"
"359",11,1,4,6,"SB_10","Correct consensus"
"360",12,1,4,6,"SB_10","Correct consensus"
"361",1,0.5,4,7,"SB_10","Breakdown"
"362",2,0.3,4,7,"SB_10","Breakdown"
"363",3,0.3,4,7,"SB_10","Breakdown"
"364",4,0.3,4,7,"SB_10","Breakdown"
"365",5,0.3,4,7,"SB_10","Breakdown"
"366",6,0.3,4,7,"SB_10","Breakdown"
"367",7,0.3,4,7,"SB_10","Breakdown"
"368",8,0.3,4,7,"SB_10","Breakdown"
"369",9,0.3,4,7,"SB_10","Breakdown"
"370",10,0.3,4,7,"SB_10","Breakdown"
"371",11,0.3,4,7,"SB_10","Breakdown"
"372",12,0.3,4,7,"SB_10","Breakdown"
"373",1,0.9,3,8,"SB_10","Correct consensus"
"374",2,1,3,8,"SB_10","Correct consensus"
"375",3,1,3,8,"SB_10","Correct consensus"
"376",4,1,3,8,"SB_10","Correct consensus"
"377",5,1,3,8,"SB_10","Correct consensus"
"378",6,1,3,8,"SB_10","Correct consensus"
"379",7,1,3,8,"SB_10","Correct consensus"
"380",8,1,3,8,"SB_10","Correct consensus"
"381",9,1,3,8,"SB_10","Correct consensus"
"382",10,1,3,8,"SB_10","Correct consensus"
"383",11,1,3,8,"SB_10","Correct consensus"
"384",12,1,3,8,"SB_10","Correct consensus"
"385",1,0.5,4,9,"SB_10","Breakdown"
"386",2,0.6,4,9,"SB_10","Breakdown"
"387",3,0.5,4,9,"SB_10","Breakdown"
"388",4,0.4,4,9,"SB_10","Breakdown"
"389",5,0.4,4,9,"SB_10","Breakdown"
"390",6,0.4,4,9,"SB_10","Breakdown"
"391",7,0.4,4,9,"SB_10","Breakdown"
"392",8,0.4,4,9,"SB_10","Breakdown"
"393",9,0.4,4,9,"SB_10","Breakdown"
"394",10,0.4,4,9,"SB_10","Breakdown"
"395",11,0.4,4,9,"SB_10","Breakdown"
"396",12,0.4,4,9,"SB_10","Breakdown"
"397",1,0.7,4,10,"SB_10","Correct consensus"
"398",2,0.5,4,10,"SB_10","Correct consensus"
"399",3,0.6,4,10,"SB_10","Correct consensus"
"400",4,1,4,10,"SB_10","Correct consensus"
"401",5,1,4,10,"SB_10","Correct consensus"
"402",6,1,4,10,"SB_10","Correct consensus"
"403",7,1,4,10,"SB_10","Correct consensus"
"404",8,1,4,10,"SB_10","Correct consensus"
"405",9,1,4,10,"SB_10","Correct consensus"
"406",10,1,4,10,"SB_10","Correct consensus"
"407",11,1,4,10,"SB_10","Correct consensus"
"408",12,1,4,10,"SB_10","Correct consensus"
"409",1,0.8,4,11,"SB_10","Correct consensus"
"410",2,0.9,4,11,"SB_10","Correct consensus"
"411",3,1,4,11,"SB_10","Correct consensus"
"412",4,1,4,11,"SB_10","Correct consensus"
"413",5,1,4,11,"SB_10","Correct consensus"
"414",6,1,4,11,"SB_10","Correct consensus"
"415",7,1,4,11,"SB_10","Correct consensus"
"416",8,1,4,11,"SB_10","Correct consensus"
"417",9,1,4,11,"SB_10","Correct consensus"
"418",10,1,4,11,"SB_10","Correct consensus"
"419",11,1,4,11,"SB_10","Correct consensus"
"420",12,1,4,11,"SB_10","Correct consensus"
"421",1,0.7,4,12,"SB_10","Breakdown"
"422",2,0.7,4,12,"SB_10","Breakdown"
"423",3,0.7,4,12,"SB_10","Breakdown"
"424",4,0.7,4,12,"SB_10","Breakdown"
"425",5,0.7,4,12,"SB_10","Breakdown"
"426",6,0.7,4,12,"SB_10","Breakdown"
"427",7,0.7,4,12,"SB_10","Breakdown"
"428",8,0.7,4,12,"SB_10","Breakdown"
"429",9,0.7,4,12,"SB_10","Breakdown"
"430",10,0.7,4,12,"SB_10","Breakdown"
"431",11,0.7,4,12,"SB_10","Breakdown"
"432",12,0.7,4,12,"SB_10","Breakdown"
"433",1,0.8,4,13,"SB_10","Correct consensus"
"434",2,0.9,4,13,"SB_10","Correct consensus"
"435",3,1,4,13,"SB_10","Correct consensus"
"436",4,1,4,13,"SB_10","Correct consensus"
"437",5,1,4,13,"SB_10","Correct consensus"
"438",6,1,4,13,"SB_10","Correct consensus"
"439",7,1,4,13,"SB_10","Correct consensus"
"440",8,1,4,13,"SB_10","Correct consensus"
"441",9,1,4,13,"SB_10","Correct consensus"
"442",10,1,4,13,"SB_10","Correct consensus"
"443",11,1,4,13,"SB_10","Correct consensus"
"444",12,1,4,13,"SB_10","Correct consensus"
"445",1,0.9,3,14,"SB_10","Correct consensus"
"446",2,1,3,14,"SB_10","Correct consensus"
"447",3,1,3,14,"SB_10","Correct consensus"
"448",4,1,3,14,"SB_10","Correct consensus"
"449",5,1,3,14,"SB_10","Correct consensus"
"450",6,1,3,14,"SB_10","Correct consensus"
"451",7,1,3,14,"SB_10","Correct consensus"
"452",8,1,3,14,"SB_10","Correct consensus"
"453",9,1,3,14,"SB_10","Correct consensus"
"454",10,1,3,14,"SB_10","Correct consensus"
"455",11,1,3,14,"SB_10","Correct consensus"
"456",12,1,3,14,"SB_10","Correct consensus"
"457",1,0.8,4,15,"SB_10","Correct consensus"
"458",2,0.9,4,15,"SB_10","Correct consensus"
"459",3,1,4,15,"SB_10","Correct consensus"
"460",4,1,4,15,"SB_10","Correct consensus"
"461",5,1,4,15,"SB_10","Correct consensus"
"462",6,1,4,15,"SB_10","Correct consensus"
"463",7,1,4,15,"SB_10","Correct consensus"
"464",8,1,4,15,"SB_10","Correct consensus"
"465",9,1,4,15,"SB_10","Correct consensus"
"466",10,1,4,15,"SB_10","Correct consensus"
"467",11,1,4,15,"SB_10","Correct consensus"
"468",12,1,4,15,"SB_10","Correct consensus"
"469",1,0.9,3,16,"SB_10","Correct consensus"
"470",2,1,3,16,"SB_10","Correct consensus"
"471",3,1,3,16,"SB_10","Correct consensus"
"472",4,1,3,16,"SB_10","Correct consensus"
"473",5,1,3,16,"SB_10","Correct consensus"
"474",6,1,3,16,"SB_10","Correct consensus"
"475",7,1,3,16,"SB_10","Correct consensus"
"476",8,1,3,16,"SB_10","Correct consensus"
"477",9,1,3,16,"SB_10","Correct consensus"
"478",10,1,3,16,"SB_10","Correct consensus"
"479",11,1,3,16,"SB_10","Correct consensus"
"480",12,1,3,16,"SB_10","Correct consensus"
"481",1,0.8,4,17,"SB_10","Correct consensus"
"482",2,1,4,17,"SB_10","Correct consensus"
"483",3,1,4,17,"SB_10","Correct consensus"
"484",4,1,4,17,"SB_10","Correct consensus"
"485",5,1,4,17,"SB_10","Correct consensus"
"486",6,1,4,17,"SB_10","Correct consensus"
"487",7,1,4,17,"SB_10","Correct consensus"
"488",8,1,4,17,"SB_10","Correct consensus"
"489",9,1,4,17,"SB_10","Correct consensus"
"490",10,1,4,17,"SB_10","Correct consensus"
"491",11,1,4,17,"SB_10","Correct consensus"
"492",12,1,4,17,"SB_10","Correct consensus"
"493",1,0.6,4,18,"SB_10","Correct consensus"
"494",2,0.9,4,18,"SB_10","Correct consensus"
"495",3,1,4,18,"SB_10","Correct consensus"
"496",4,1,4,18,"SB_10","Correct consensus"
"497",5,1,4,18,"SB_10","Correct consensus"
"498",6,1,4,18,"SB_10","Correct consensus"
"499",7,1,4,18,"SB_10","Correct consensus"
"500",8,1,4,18,"SB_10","Correct consensus"
"501",9,1,4,18,"SB_10","Correct consensus"
"502",10,1,4,18,"SB_10","Correct consensus"
"503",11,1,4,18,"SB_10","Correct consensus"
"504",12,1,4,18,"SB_10","Correct consensus"
"505",1,0.9,3,19,"SB_10","Correct consensus"
"506",2,1,3,19,"SB_10","Correct consensus"
"507",3,1,3,19,"SB_10","Correct consensus"
"508",4,1,3,19,"SB_10","Correct consensus"
"509",5,1,3,19,"SB_10","Correct consensus"
"510",6,1,3,19,"SB_10","Correct consensus"
"511",7,1,3,19,"SB_10","Correct consensus"
"512",8,1,3,19,"SB_10","Correct consensus"
"513",9,1,3,19,"SB_10","Correct consensus"
"514",10,1,3,19,"SB_10","Correct consensus"
"515",11,1,3,19,"SB_10","Correct consensus"
"516",12,1,3,19,"SB_10","Correct consensus"
"517",1,0.6,3,20,"SB_10","Breakdown"
"518",2,0.5,3,20,"SB_10","Breakdown"
"519",3,0.6,3,20,"SB_10","Breakdown"
"520",4,0.6,3,20,"SB_10","Breakdown"
"521",5,0.6,3,20,"SB_10","Breakdown"
"522",6,0.6,3,20,"SB_10","Breakdown"
"523",7,0.6,3,20,"SB_10","Breakdown"
"524",8,0.6,3,20,"SB_10","Breakdown"
"525",9,0.6,3,20,"SB_10","Breakdown"
"526",10,0.6,3,20,"SB_10","Breakdown"
"527",11,0.6,3,20,"SB_10","Breakdown"
"528",12,0.6,3,20,"SB_10","Breakdown"
"529",1,0.6,4,21,"SB_10","Correct consensus"
"530",2,0.9,4,21,"SB_10","Correct consensus"
"531",3,1,4,21,"SB_10","Correct consensus"
"532",4,1,4,21,"SB_10","Correct consensus"
"533",5,1,4,21,"SB_10","Correct consensus"
"534",6,1,4,21,"SB_10","Correct consensus"
"535",7,1,4,21,"SB_10","Correct consensus"
"536",8,1,4,21,"SB_10","Correct consensus"
"537",9,1,4,21,"SB_10","Correct consensus"
"538",10,1,4,21,"SB_10","Correct consensus"
"539",11,1,4,21,"SB_10","Correct consensus"
"540",12,1,4,21,"SB_10","Correct consensus"
"541",1,0.7,3,22,"SB_10","Breakdown"
"542",2,0.5,3,22,"SB_10","Breakdown"
"543",3,0.6,3,22,"SB_10","Breakdown"
"544",4,0.6,3,22,"SB_10","Breakdown"
"545",5,0.6,3,22,"SB_10","Breakdown"
"546",6,0.6,3,22,"SB_10","Breakdown"
"547",7,0.6,3,22,"SB_10","Breakdown"
"548",8,0.6,3,22,"SB_10","Breakdown"
"549",9,0.6,3,22,"SB_10","Breakdown"
"550",10,0.6,3,22,"SB_10","Breakdown"
"551",11,0.6,3,22,"SB_10","Breakdown"
"552",12,0.6,3,22,"SB_10","Breakdown"
"553",1,0.7,3,23,"SB_10","Breakdown"
"554",2,0.5,3,23,"SB_10","Breakdown"
"555",3,0.6,3,23,"SB_10","Breakdown"
"556",4,0.6,3,23,"SB_10","Breakdown"
"557",5,0.6,3,23,"SB_10","Breakdown"
"558",6,0.6,3,23,"SB_10","Breakdown"
"559",7,0.6,3,23,"SB_10","Breakdown"
"560",8,0.6,3,23,"SB_10","Breakdown"
"561",9,0.6,3,23,"SB_10","Breakdown"
"562",10,0.6,3,23,"SB_10","Breakdown"
"563",11,0.6,3,23,"SB_10","Breakdown"
"564",12,0.6,3,23,"SB_10","Breakdown"
"565",1,0.6,3,24,"SB_10","Correct consensus"
"566",2,1,3,24,"SB_10","Correct consensus"
"567",3,1,3,24,"SB_10","Correct consensus"
"568",4,1,3,24,"SB_10","Correct consensus"
"569",5,1,3,24,"SB_10","Correct consensus"
"570",6,1,3,24,"SB_10","Correct consensus"
"571",7,1,3,24,"SB_10","Correct consensus"
"572",8,1,3,24,"SB_10","Correct consensus"
"573",9,1,3,24,"SB_10","Correct consensus"
"574",10,1,3,24,"SB_10","Correct consensus"
"575",11,1,3,24,"SB_10","Correct consensus"
"576",12,1,3,24,"SB_10","Correct consensus"
"577",1,0.6,4,1,"RF_10","Breakdown"
"578",2,0.4,4,1,"RF_10","Breakdown"
"579",3,0.4,4,1,"RF_10","Breakdown"
"580",4,0.4,4,1,"RF_10","Breakdown"
"581",5,0.4,4,1,"RF_10","Breakdown"
"582",6,0.4,4,1,"RF_10","Breakdown"
"583",7,0.4,4,1,"RF_10","Breakdown"
"584",8,0.4,4,1,"RF_10","Breakdown"
"585",9,0.4,4,1,"RF_10","Breakdown"
"586",10,0.4,4,1,"RF_10","Breakdown"
"587",11,0.4,4,1,"RF_10","Breakdown"
"588",12,0.4,4,1,"RF_10","Breakdown"
"589",1,0.9,3,2,"RF_10","Correct consensus"
"590",2,1,3,2,"RF_10","Correct consensus"
"591",3,1,3,2,"RF_10","Correct consensus"
"592",4,1,3,2,"RF_10","Correct consensus"
"593",5,1,3,2,"RF_10","Correct consensus"
"594",6,1,3,2,"RF_10","Correct consensus"
"595",7,1,3,2,"RF_10","Correct consensus"
"596",8,1,3,2,"RF_10","Correct consensus"
"597",9,1,3,2,"RF_10","Correct consensus"
"598",10,1,3,2,"RF_10","Correct consensus"
"599",11,1,3,2,"RF_10","Correct consensus"
"600",12,1,3,2,"RF_10","Correct consensus"
"601",1,0.6,5,3,"RF_10","Breakdown"
"602",2,0.4,5,3,"RF_10","Breakdown"
"603",3,0.3,5,3,"RF_10","Breakdown"
"604",4,0.3,5,3,"RF_10","Breakdown"
"605",5,0.3,5,3,"RF_10","Breakdown"
"606",6,0.3,5,3,"RF_10","Breakdown"
"607",7,0.3,5,3,"RF_10","Breakdown"
"608",8,0.3,5,3,"RF_10","Breakdown"
"609",9,0.3,5,3,"RF_10","Breakdown"
"610",10,0.3,5,3,"RF_10","Breakdown"
"611",11,0.3,5,3,"RF_10","Breakdown"
"612",12,0.3,5,3,"RF_10","Breakdown"
"613",1,0.7,4,4,"RF_10","Correct consensus"
"614",2,0.9,4,4,"RF_10","Correct consensus"
"615",3,0.9,4,4,"RF_10","Correct consensus"
"616",4,0.9,4,4,"RF_10","Correct consensus"
"617",5,0.9,4,4,"RF_10","Correct consensus"
"618",6,0.9,4,4,"RF_10","Correct consensus"
"619",7,0.9,4,4,"RF_10","Correct consensus"
"620",8,0.9,4,4,"RF_10","Correct consensus"
"621",9,0.9,4,4,"RF_10","Correct consensus"
"622",10,0.9,4,4,"RF_10","Correct consensus"
"623",11,0.9,4,4,"RF_10","Correct consensus"
"624",12,0.9,4,4,"RF_10","Correct consensus"
"625",1,0.9,4,5,"RF_10","Correct consensus"
"626",2,1,4,5,"RF_10","Correct consensus"
"627",3,1,4,5,"RF_10","Correct consensus"
"628",4,1,4,5,"RF_10","Correct consensus"
"629",5,1,4,5,"RF_10","Correct consensus"
"630",6,1,4,5,"RF_10","Correct consensus"
"631",7,1,4,5,"RF_10","Correct consensus"
"632",8,1,4,5,"RF_10","Correct consensus"
"633",9,1,4,5,"RF_10","Correct consensus"
"634",10,1,4,5,"RF_10","Correct consensus"
"635",11,1,4,5,"RF_10","Correct consensus"
"636",12,1,4,5,"RF_10","Correct consensus"
"637",1,0.7,4,6,"RF_10","Correct consensus"
"638",2,1,4,6,"RF_10","Correct consensus"
"639",3,1,4,6,"RF_10","Correct consensus"
"640",4,1,4,6,"RF_10","Correct consensus"
"641",5,1,4,6,"RF_10","Correct consensus"
"642",6,1,4,6,"RF_10","Correct consensus"
"643",7,1,4,6,"RF_10","Correct consensus"
"644",8,1,4,6,"RF_10","Correct consensus"
"645",9,1,4,6,"RF_10","Correct consensus"
"646",10,1,4,6,"RF_10","Correct consensus"
"647",11,1,4,6,"RF_10","Correct consensus"
"648",12,1,4,6,"RF_10","Correct consensus"
"649",1,0.5,10,7,"RF_10","Breakdown"
"650",2,0.2,10,7,"RF_10","Breakdown"
"651",3,0.3,10,7,"RF_10","Breakdown"
"652",4,0.7,10,7,"RF_10","Breakdown"
"653",5,0.7,10,7,"RF_10","Breakdown"
"654",6,0.6,10,7,"RF_10","Breakdown"
"655",7,0.5,10,7,"RF_10","Breakdown"
"656",8,0.2,10,7,"RF_10","Breakdown"
"657",9,0.2,10,7,"RF_10","Breakdown"
"658",10,0.2,10,7,"RF_10","Breakdown"
"659",11,0.2,10,7,"RF_10","Breakdown"
"660",12,0.2,10,7,"RF_10","Breakdown"
"661",1,0.9,4,8,"RF_10","Correct consensus"
"662",2,1,4,8,"RF_10","Correct consensus"
"663",3,1,4,8,"RF_10","Correct consensus"
"664",4,1,4,8,"RF_10","Correct consensus"
"665",5,1,4,8,"RF_10","Correct consensus"
"666",6,1,4,8,"RF_10","Correct consensus"
"667",7,1,4,8,"RF_10","Correct consensus"
"668",8,1,4,8,"RF_10","Correct consensus"
"669",9,1,4,8,"RF_10","Correct consensus"
"670",10,1,4,8,"RF_10","Correct consensus"
"671",11,1,4,8,"RF_10","Correct consensus"
"672",12,1,4,8,"RF_10","Correct consensus"
"673",1,0.5,5,9,"RF_10","Incorrect consensus"
"674",2,0.3,5,9,"RF_10","Incorrect consensus"
"675",3,0.1,5,9,"RF_10","Incorrect consensus"
"676",4,0.1,5,9,"RF_10","Incorrect consensus"
"677",5,0.1,5,9,"RF_10","Incorrect consensus"
"678",6,0.1,5,9,"RF_10","Incorrect consensus"
"679",7,0.1,5,9,"RF_10","Incorrect consensus"
"680",8,0.1,5,9,"RF_10","Incorrect consensus"
"681",9,0.1,5,9,"RF_10","Incorrect consensus"
"682",10,0.1,5,9,"RF_10","Incorrect consensus"
"683",11,0.1,5,9,"RF_10","Incorrect consensus"
"684",12,0.1,5,9,"RF_10","Incorrect consensus"
"685",1,0.7,4,10,"RF_10","Breakdown"
"686",2,0.6,4,10,"RF_10","Breakdown"
"687",3,0.6,4,10,"RF_10","Breakdown"
"688",4,0.6,4,10,"RF_10","Breakdown"
"689",5,0.6,4,10,"RF_10","Breakdown"
"690",6,0.6,4,10,"RF_10","Breakdown"
"691",7,0.6,4,10,"RF_10","Breakdown"
"692",8,0.6,4,10,"RF_10","Breakdown"
"693",9,0.6,4,10,"RF_10","Breakdown"
"694",10,0.6,4,10,"RF_10","Breakdown"
"695",11,0.6,4,10,"RF_10","Breakdown"
"696",12,0.6,4,10,"RF_10","Breakdown"
"697",1,0.8,5,11,"RF_10","Correct consensus"
"698",2,0.7,5,11,"RF_10","Correct consensus"
"699",3,0.8,5,11,"RF_10","Correct consensus"
"700",4,1,5,11,"RF_10","Correct consensus"
"701",5,1,5,11,"RF_10","Correct consensus"
"702",6,1,5,11,"RF_10","Correct consensus"
"703",7,1,5,11,"RF_10","Correct consensus"
"704",8,1,5,11,"RF_10","Correct consensus"
"705",9,1,5,11,"RF_10","Correct consensus"
"706",10,1,5,11,"RF_10","Correct consensus"
"707",11,1,5,11,"RF_10","Correct consensus"
"708",12,1,5,11,"RF_10","Correct consensus"
"709",1,0.7,4,12,"RF_10","Breakdown"
"710",2,0.5,4,12,"RF_10","Breakdown"
"711",3,0.5,4,12,"RF_10","Breakdown"
"712",4,0.4,4,12,"RF_10","Breakdown"
"713",5,0.4,4,12,"RF_10","Breakdown"
"714",6,0.4,4,12,"RF_10","Breakdown"
"715",7,0.4,4,12,"RF_10","Breakdown"
"716",8,0.4,4,12,"RF_10","Breakdown"
"717",9,0.4,4,12,"RF_10","Breakdown"
"718",10,0.4,4,12,"RF_10","Breakdown"
"719",11,0.4,4,12,"RF_10","Breakdown"
"720",12,0.4,4,12,"RF_10","Breakdown"
"721",1,0.8,5,13,"RF_10","Correct consensus"
"722",2,0.7,5,13,"RF_10","Correct consensus"
"723",3,0.8,5,13,"RF_10","Correct consensus"
"724",4,1,5,13,"RF_10","Correct consensus"
"725",5,1,5,13,"RF_10","Correct consensus"
"726",6,1,5,13,"RF_10","Correct consensus"
"727",7,1,5,13,"RF_10","Correct consensus"
"728",8,1,5,13,"RF_10","Correct consensus"
"729",9,1,5,13,"RF_10","Correct consensus"
"730",10,1,5,13,"RF_10","Correct consensus"
"731",11,1,5,13,"RF_10","Correct consensus"
"732",12,1,5,13,"RF_10","Correct consensus"
"733",1,0.9,3,14,"RF_10","Correct consensus"
"734",2,1,3,14,"RF_10","Correct consensus"
"735",3,1,3,14,"RF_10","Correct consensus"
"736",4,1,3,14,"RF_10","Correct consensus"
"737",5,1,3,14,"RF_10","Correct consensus"
"738",6,1,3,14,"RF_10","Correct consensus"
"739",7,1,3,14,"RF_10","Correct consensus"
"740",8,1,3,14,"RF_10","Correct consensus"
"741",9,1,3,14,"RF_10","Correct consensus"
"742",10,1,3,14,"RF_10","Correct consensus"
"743",11,1,3,14,"RF_10","Correct consensus"
"744",12,1,3,14,"RF_10","Correct consensus"
"745",1,0.8,5,15,"RF_10","Correct consensus"
"746",2,0.7,5,15,"RF_10","Correct consensus"
"747",3,0.8,5,15,"RF_10","Correct consensus"
"748",4,1,5,15,"RF_10","Correct consensus"
"749",5,1,5,15,"RF_10","Correct consensus"
"750",6,1,5,15,"RF_10","Correct consensus"
"751",7,1,5,15,"RF_10","Correct consensus"
"752",8,1,5,15,"RF_10","Correct consensus"
"753",9,1,5,15,"RF_10","Correct consensus"
"754",10,1,5,15,"RF_10","Correct consensus"
"755",11,1,5,15,"RF_10","Correct consensus"
"756",12,1,5,15,"RF_10","Correct consensus"
"757",1,0.9,3,16,"RF_10","Correct consensus"
"758",2,1,3,16,"RF_10","Correct consensus"
"759",3,1,3,16,"RF_10","Correct consensus"
"760",4,1,3,16,"RF_10","Correct consensus"
"761",5,1,3,16,"RF_10","Correct consensus"
"762",6,1,3,16,"RF_10","Correct consensus"
"763",7,1,3,16,"RF_10","Correct consensus"
"764",8,1,3,16,"RF_10","Correct consensus"
"765",9,1,3,16,"RF_10","Correct consensus"
"766",10,1,3,16,"RF_10","Correct consensus"
"767",11,1,3,16,"RF_10","Correct consensus"
"768",12,1,3,16,"RF_10","Correct consensus"
"769",1,0.8,3,17,"RF_10","Correct consensus"
"770",2,1,3,17,"RF_10","Correct consensus"
"771",3,1,3,17,"RF_10","Correct consensus"
"772",4,1,3,17,"RF_10","Correct consensus"
"773",5,1,3,17,"RF_10","Correct consensus"
"774",6,1,3,17,"RF_10","Correct consensus"
"775",7,1,3,17,"RF_10","Correct consensus"
"776",8,1,3,17,"RF_10","Correct consensus"
"777",9,1,3,17,"RF_10","Correct consensus"
"778",10,1,3,17,"RF_10","Correct consensus"
"779",11,1,3,17,"RF_10","Correct consensus"
"780",12,1,3,17,"RF_10","Correct consensus"
"781",1,0.6,4,18,"RF_10","Correct consensus"
"782",2,0.9,4,18,"RF_10","Correct consensus"
"783",3,0.9,4,18,"RF_10","Correct consensus"
"784",4,1,4,18,"RF_10","Correct consensus"
"785",5,1,4,18,"RF_10","Correct consensus"
"786",6,1,4,18,"RF_10","Correct consensus"
"787",7,1,4,18,"RF_10","Correct consensus"
"788",8,1,4,18,"RF_10","Correct consensus"
"789",9,1,4,18,"RF_10","Correct consensus"
"790",10,1,4,18,"RF_10","Correct consensus"
"791",11,1,4,18,"RF_10","Correct consensus"
"792",12,1,4,18,"RF_10","Correct consensus"
"793",1,0.9,3,19,"RF_10","Correct consensus"
"794",2,1,3,19,"RF_10","Correct consensus"
"795",3,1,3,19,"RF_10","Correct consensus"
"796",4,1,3,19,"RF_10","Correct consensus"
"797",5,1,3,19,"RF_10","Correct consensus"
"798",6,1,3,19,"RF_10","Correct consensus"
"799",7,1,3,19,"RF_10","Correct consensus"
"800",8,1,3,19,"RF_10","Correct consensus"
"801",9,1,3,19,"RF_10","Correct consensus"
"802",10,1,3,19,"RF_10","Correct consensus"
"803",11,1,3,19,"RF_10","Correct consensus"
"804",12,1,3,19,"RF_10","Correct consensus"
"805",1,0.6,3,20,"RF_10","Correct consensus"
"806",2,1,3,20,"RF_10","Correct consensus"
"807",3,1,3,20,"RF_10","Correct consensus"
"808",4,1,3,20,"RF_10","Correct consensus"
"809",5,1,3,20,"RF_10","Correct consensus"
"810",6,1,3,20,"RF_10","Correct consensus"
"811",7,1,3,20,"RF_10","Correct consensus"
"812",8,1,3,20,"RF_10","Correct consensus"
"813",9,1,3,20,"RF_10","Correct consensus"
"814",10,1,3,20,"RF_10","Correct consensus"
"815",11,1,3,20,"RF_10","Correct consensus"
"816",12,1,3,20,"RF_10","Correct consensus"
"817",1,0.6,5,21,"RF_10","Correct consensus"
"818",2,0.8,5,21,"RF_10","Correct consensus"
"819",3,1,5,21,"RF_10","Correct consensus"
"820",4,1,5,21,"RF_10","Correct consensus"
"821",5,1,5,21,"RF_10","Correct consensus"
"822",6,1,5,21,"RF_10","Correct consensus"
"823",7,1,5,21,"RF_10","Correct consensus"
"824",8,1,5,21,"RF_10","Correct consensus"
"825",9,1,5,21,"RF_10","Correct consensus"
"826",10,1,5,21,"RF_10","Correct consensus"
"827",11,1,5,21,"RF_10","Correct consensus"
"828",12,1,5,21,"RF_10","Correct consensus"
"829",1,0.7,3,22,"RF_10","Correct consensus"
"830",2,1,3,22,"RF_10","Correct consensus"
"831",3,1,3,22,"RF_10","Correct consensus"
"832",4,1,3,22,"RF_10","Correct consensus"
"833",5,1,3,22,"RF_10","Correct consensus"
"834",6,1,3,22,"RF_10","Correct consensus"
"835",7,1,3,22,"RF_10","Correct consensus"
"836",8,1,3,22,"RF_10","Correct consensus"
"837",9,1,3,22,"RF_10","Correct consensus"
"838",10,1,3,22,"RF_10","Correct consensus"
"839",11,1,3,22,"RF_10","Correct consensus"
"840",12,1,3,22,"RF_10","Correct consensus"
"841",1,0.7,3,23,"RF_10","Correct consensus"
"842",2,1,3,23,"RF_10","Correct consensus"
"843",3,1,3,23,"RF_10","Correct consensus"
"844",4,1,3,23,"RF_10","Correct consensus"
"845",5,1,3,23,"RF_10","Correct consensus"
"846",6,1,3,23,"RF_10","Correct consensus"
"847",7,1,3,23,"RF_10","Correct consensus"
"848",8,1,3,23,"RF_10","Correct consensus"
"849",9,1,3,23,"RF_10","Correct consensus"
"850",10,1,3,23,"RF_10","Correct consensus"
"851",11,1,3,23,"RF_10","Correct consensus"
"852",12,1,3,23,"RF_10","Correct consensus"
"853",1,0.6,5,24,"RF_10","Correct consensus"
"854",2,0.8,5,24,"RF_10","Correct consensus"
"855",3,0.9,5,24,"RF_10","Correct consensus"
"856",4,0.9,5,24,"RF_10","Correct consensus"
"857",5,0.9,5,24,"RF_10","Correct consensus"
"858",6,0.9,5,24,"RF_10","Correct consensus"
"859",7,0.9,5,24,"RF_10","Correct consensus"
"860",8,0.9,5,24,"RF_10","Correct consensus"
"861",9,0.9,5,24,"RF_10","Correct consensus"
"862",10,0.9,5,24,"RF_10","Correct consensus"
"863",11,0.9,5,24,"RF_10","Correct consensus"
"864",12,0.9,5,24,"RF_10","Correct consensus"
"865",1,0.6,6,1,"RGG_10","Correct consensus"
"866",2,0.7,6,1,"RGG_10","Correct consensus"
"867",3,0.9,6,1,"RGG_10","Correct consensus"
"868",4,1,6,1,"RGG_10","Correct consensus"
"869",5,1,6,1,"RGG_10","Correct consensus"
"870",6,1,6,1,"RGG_10","Correct consensus"
"871",7,1,6,1,"RGG_10","Correct consensus"
"872",8,1,6,1,"RGG_10","Correct consensus"
"873",9,1,6,1,"RGG_10","Correct consensus"
"874",10,1,6,1,"RGG_10","Correct consensus"
"875",11,1,6,1,"RGG_10","Correct consensus"
"876",12,1,6,1,"RGG_10","Correct consensus"
"877",1,0.9,4,2,"RGG_10","Correct consensus"
"878",2,1,4,2,"RGG_10","Correct consensus"
"879",3,1,4,2,"RGG_10","Correct consensus"
"880",4,1,4,2,"RGG_10","Correct consensus"
"881",5,1,4,2,"RGG_10","Correct consensus"
"882",6,1,4,2,"RGG_10","Correct consensus"
"883",7,1,4,2,"RGG_10","Correct consensus"
"884",8,1,4,2,"RGG_10","Correct consensus"
"885",9,1,4,2,"RGG_10","Correct consensus"
"886",10,1,4,2,"RGG_10","Correct consensus"
"887",11,1,4,2,"RGG_10","Correct consensus"
"888",12,1,4,2,"RGG_10","Correct consensus"
"889",1,0.6,4,3,"RGG_10","Correct consensus"
"890",2,0.9,4,3,"RGG_10","Correct consensus"
"891",3,1,4,3,"RGG_10","Correct consensus"
"892",4,1,4,3,"RGG_10","Correct consensus"
"893",5,1,4,3,"RGG_10","Correct consensus"
"894",6,1,4,3,"RGG_10","Correct consensus"
"895",7,1,4,3,"RGG_10","Correct consensus"
"896",8,1,4,3,"RGG_10","Correct consensus"
"897",9,1,4,3,"RGG_10","Correct consensus"
"898",10,1,4,3,"RGG_10","Correct consensus"
"899",11,1,4,3,"RGG_10","Correct consensus"
"900",12,1,4,3,"RGG_10","Correct consensus"
"901",1,0.7,4,4,"RGG_10","Correct consensus"
"902",2,1,4,4,"RGG_10","Correct consensus"
"903",3,1,4,4,"RGG_10","Correct consensus"
"904",4,1,4,4,"RGG_10","Correct consensus"
"905",5,1,4,4,"RGG_10","Correct consensus"
"906",6,1,4,4,"RGG_10","Correct consensus"
"907",7,1,4,4,"RGG_10","Correct consensus"
"908",8,1,4,4,"RGG_10","Correct consensus"
"909",9,1,4,4,"RGG_10","Correct consensus"
"910",10,1,4,4,"RGG_10","Correct consensus"
"911",11,1,4,4,"RGG_10","Correct consensus"
"912",12,1,4,4,"RGG_10","Correct consensus"
"913",1,0.9,3,5,"RGG_10","Correct consensus"
"914",2,1,3,5,"RGG_10","Correct consensus"
"915",3,1,3,5,"RGG_10","Correct consensus"
"916",4,1,3,5,"RGG_10","Correct consensus"
"917",5,1,3,5,"RGG_10","Correct consensus"
"918",6,1,3,5,"RGG_10","Correct consensus"
"919",7,1,3,5,"RGG_10","Correct consensus"
"920",8,1,3,5,"RGG_10","Correct consensus"
"921",9,1,3,5,"RGG_10","Correct consensus"
"922",10,1,3,5,"RGG_10","Correct consensus"
"923",11,1,3,5,"RGG_10","Correct consensus"
"924",12,1,3,5,"RGG_10","Correct consensus"
"925",1,0.7,5,6,"RGG_10","Correct consensus"
"926",2,0.7,5,6,"RGG_10","Correct consensus"
"927",3,0.8,5,6,"RGG_10","Correct consensus"
"928",4,1,5,6,"RGG_10","Correct consensus"
"929",5,1,5,6,"RGG_10","Correct consensus"
"930",6,1,5,6,"RGG_10","Correct consensus"
"931",7,1,5,6,"RGG_10","Correct consensus"
"932",8,1,5,6,"RGG_10","Correct consensus"
"933",9,1,5,6,"RGG_10","Correct consensus"
"934",10,1,5,6,"RGG_10","Correct consensus"
"935",11,1,5,6,"RGG_10","Correct consensus"
"936",12,1,5,6,"RGG_10","Correct consensus"
"937",1,0.5,7,7,"RGG_10","Correct consensus"
"938",2,0.6,7,7,"RGG_10","Correct consensus"
"939",3,0.5,7,7,"RGG_10","Correct consensus"
"940",4,0.9,7,7,"RGG_10","Correct consensus"
"941",5,1,7,7,"RGG_10","Correct consensus"
"942",6,1,7,7,"RGG_10","Correct consensus"
"943",7,1,7,7,"RGG_10","Correct consensus"
"944",8,1,7,7,"RGG_10","Correct consensus"
"945",9,1,7,7,"RGG_10","Correct consensus"
"946",10,1,7,7,"RGG_10","Correct consensus"
"947",11,1,7,7,"RGG_10","Correct consensus"
"948",12,1,7,7,"RGG_10","Correct consensus"
"949",1,0.9,3,8,"RGG_10","Correct consensus"
"950",2,1,3,8,"RGG_10","Correct consensus"
"951",3,1,3,8,"RGG_10","Correct consensus"
"952",4,1,3,8,"RGG_10","Correct consensus"
"953",5,1,3,8,"RGG_10","Correct consensus"
"954",6,1,3,8,"RGG_10","Correct consensus"
"955",7,1,3,8,"RGG_10","Correct consensus"
"956",8,1,3,8,"RGG_10","Correct consensus"
"957",9,1,3,8,"RGG_10","Correct consensus"
"958",10,1,3,8,"RGG_10","Correct consensus"
"959",11,1,3,8,"RGG_10","Correct consensus"
"960",12,1,3,8,"RGG_10","Correct consensus"
"961",1,0.5,6,9,"RGG_10","Correct consensus"
"962",2,0.6,6,9,"RGG_10","Correct consensus"
"963",3,0.8,6,9,"RGG_10","Correct consensus"
"964",4,0.9,6,9,"RGG_10","Correct consensus"
"965",5,1,6,9,"RGG_10","Correct consensus"
"966",6,1,6,9,"RGG_10","Correct consensus"
"967",7,1,6,9,"RGG_10","Correct consensus"
"968",8,1,6,9,"RGG_10","Correct consensus"
"969",9,1,6,9,"RGG_10","Correct consensus"
"970",10,1,6,9,"RGG_10","Correct consensus"
"971",11,1,6,9,"RGG_10","Correct consensus"
"972",12,1,6,9,"RGG_10","Correct consensus"
"973",1,0.7,4,10,"RGG_10","Correct consensus"
"974",2,1,4,10,"RGG_10","Correct consensus"
"975",3,1,4,10,"RGG_10","Correct consensus"
"976",4,1,4,10,"RGG_10","Correct consensus"
"977",5,1,4,10,"RGG_10","Correct consensus"
"978",6,1,4,10,"RGG_10","Correct consensus"
"979",7,1,4,10,"RGG_10","Correct consensus"
"980",8,1,4,10,"RGG_10","Correct consensus"
"981",9,1,4,10,"RGG_10","Correct consensus"
"982",10,1,4,10,"RGG_10","Correct consensus"
"983",11,1,4,10,"RGG_10","Correct consensus"
"984",12,1,4,10,"RGG_10","Correct consensus"
"985",1,0.8,3,11,"RGG_10","Correct consensus"
"986",2,1,3,11,"RGG_10","Correct consensus"
"987",3,1,3,11,"RGG_10","Correct consensus"
"988",4,1,3,11,"RGG_10","Correct consensus"
"989",5,1,3,11,"RGG_10","Correct consensus"
"990",6,1,3,11,"RGG_10","Correct consensus"
"991",7,1,3,11,"RGG_10","Correct consensus"
"992",8,1,3,11,"RGG_10","Correct consensus"
"993",9,1,3,11,"RGG_10","Correct consensus"
"994",10,1,3,11,"RGG_10","Correct consensus"
"995",11,1,3,11,"RGG_10","Correct consensus"
"996",12,1,3,11,"RGG_10","Correct consensus"
"997",1,0.7,4,12,"RGG_10","Correct consensus"
"998",2,0.8,4,12,"RGG_10","Correct consensus"
"999",3,1,4,12,"RGG_10","Correct consensus"
"1000",4,1,4,12,"RGG_10","Correct consensus"
"1001",5,1,4,12,"RGG_10","Correct consensus"
"1002",6,1,4,12,"RGG_10","Correct consensus"
"1003",7,1,4,12,"RGG_10","Correct consensus"
"1004",8,1,4,12,"RGG_10","Correct consensus"
"1005",9,1,4,12,"RGG_10","Correct consensus"
"1006",10,1,4,12,"RGG_10","Correct consensus"
"1007",11,1,4,12,"RGG_10","Correct consensus"
"1008",12,1,4,12,"RGG_10","Correct consensus"
"1009",1,0.8,3,13,"RGG_10","Correct consensus"
"1010",2,1,3,13,"RGG_10","Correct consensus"
"1011",3,1,3,13,"RGG_10","Correct consensus"
"1012",4,1,3,13,"RGG_10","Correct consensus"
"1013",5,1,3,13,"RGG_10","Correct consensus"
"1014",6,1,3,13,"RGG_10","Correct consensus"
"1015",7,1,3,13,"RGG_10","Correct consensus"
"1016",8,1,3,13,"RGG_10","Correct consensus"
"1017",9,1,3,13,"RGG_10","Correct consensus"
"1018",10,1,3,13,"RGG_10","Correct consensus"
"1019",11,1,3,13,"RGG_10","Correct consensus"
"1020",12,1,3,13,"RGG_10","Correct consensus"
"1021",1,0.9,4,14,"RGG_10","Correct consensus"
"1022",2,1,4,14,"RGG_10","Correct consensus"
"1023",3,1,4,14,"RGG_10","Correct consensus"
"1024",4,1,4,14,"RGG_10","Correct consensus"
"1025",5,1,4,14,"RGG_10","Correct consensus"
"1026",6,1,4,14,"RGG_10","Correct consensus"
"1027",7,1,4,14,"RGG_10","Correct consensus"
"1028",8,1,4,14,"RGG_10","Correct consensus"
"1029",9,1,4,14,"RGG_10","Correct consensus"
"1030",10,1,4,14,"RGG_10","Correct consensus"
"1031",11,1,4,14,"RGG_10","Correct consensus"
"1032",12,1,4,14,"RGG_10","Correct consensus"
"1033",1,0.8,4,15,"RGG_10","Correct consensus"
"1034",2,1,4,15,"RGG_10","Correct consensus"
"1035",3,1,4,15,"RGG_10","Correct consensus"
"1036",4,1,4,15,"RGG_10","Correct consensus"
"1037",5,1,4,15,"RGG_10","Correct consensus"
"1038",6,1,4,15,"RGG_10","Correct consensus"
"1039",7,1,4,15,"RGG_10","Correct consensus"
"1040",8,1,4,15,"RGG_10","Correct consensus"
"1041",9,1,4,15,"RGG_10","Correct consensus"
"1042",10,1,4,15,"RGG_10","Correct consensus"
"1043",11,1,4,15,"RGG_10","Correct consensus"
"1044",12,1,4,15,"RGG_10","Correct consensus"
"1045",1,0.9,3,16,"RGG_10","Correct consensus"
"1046",2,1,3,16,"RGG_10","Correct consensus"
"1047",3,1,3,16,"RGG_10","Correct consensus"
"1048",4,1,3,16,"RGG_10","Correct consensus"
"1049",5,1,3,16,"RGG_10","Correct consensus"
"1050",6,1,3,16,"RGG_10","Correct consensus"
"1051",7,1,3,16,"RGG_10","Correct consensus"
"1052",8,1,3,16,"RGG_10","Correct consensus"
"1053",9,1,3,16,"RGG_10","Correct consensus"
"1054",10,1,3,16,"RGG_10","Correct consensus"
"1055",11,1,3,16,"RGG_10","Correct consensus"
"1056",12,1,3,16,"RGG_10","Correct consensus"
"1057",1,0.8,4,17,"RGG_10","Correct consensus"
"1058",2,1,4,17,"RGG_10","Correct consensus"
"1059",3,1,4,17,"RGG_10","Correct consensus"
"1060",4,1,4,17,"RGG_10","Correct consensus"
"1061",5,1,4,17,"RGG_10","Correct consensus"
"1062",6,1,4,17,"RGG_10","Correct consensus"
"1063",7,1,4,17,"RGG_10","Correct consensus"
"1064",8,1,4,17,"RGG_10","Correct consensus"
"1065",9,1,4,17,"RGG_10","Correct consensus"
"1066",10,1,4,17,"RGG_10","Correct consensus"
"1067",11,1,4,17,"RGG_10","Correct consensus"
"1068",12,1,4,17,"RGG_10","Correct consensus"
"1069",1,0.6,6,18,"RGG_10","Correct consensus"
"1070",2,0.8,6,18,"RGG_10","Correct consensus"
"1071",3,1,6,18,"RGG_10","Correct consensus"
"1072",4,1,6,18,"RGG_10","Correct consensus"
"1073",5,1,6,18,"RGG_10","Correct consensus"
"1074",6,1,6,18,"RGG_10","Correct consensus"
"1075",7,1,6,18,"RGG_10","Correct consensus"
"1076",8,1,6,18,"RGG_10","Correct consensus"
"1077",9,1,6,18,"RGG_10","Correct consensus"
"1078",10,1,6,18,"RGG_10","Correct consensus"
"1079",11,1,6,18,"RGG_10","Correct consensus"
"1080",12,1,6,18,"RGG_10","Correct consensus"
"1081",1,0.9,4,19,"RGG_10","Correct consensus"
"1082",2,1,4,19,"RGG_10","Correct consensus"
"1083",3,1,4,19,"RGG_10","Correct consensus"
"1084",4,1,4,19,"RGG_10","Correct consensus"
"1085",5,1,4,19,"RGG_10","Correct consensus"
"1086",6,1,4,19,"RGG_10","Correct consensus"
"1087",7,1,4,19,"RGG_10","Correct consensus"
"1088",8,1,4,19,"RGG_10","Correct consensus"
"1089",9,1,4,19,"RGG_10","Correct consensus"
"1090",10,1,4,19,"RGG_10","Correct consensus"
"1091",11,1,4,19,"RGG_10","Correct consensus"
"1092",12,1,4,19,"RGG_10","Correct consensus"
"1093",1,0.6,6,20,"RGG_10","Correct consensus"
"1094",2,0.6,6,20,"RGG_10","Correct consensus"
"1095",3,0.9,6,20,"RGG_10","Correct consensus"
"1096",4,1,6,20,"RGG_10","Correct consensus"
"1097",5,1,6,20,"RGG_10","Correct consensus"
"1098",6,1,6,20,"RGG_10","Correct consensus"
"1099",7,1,6,20,"RGG_10","Correct consensus"
"1100",8,1,6,20,"RGG_10","Correct consensus"
"1101",9,1,6,20,"RGG_10","Correct consensus"
"1102",10,1,6,20,"RGG_10","Correct consensus"
"1103",11,1,6,20,"RGG_10","Correct consensus"
"1104",12,1,6,20,"RGG_10","Correct consensus"
"1105",1,0.6,5,21,"RGG_10","Correct consensus"
"1106",2,0.6,5,21,"RGG_10","Correct consensus"
"1107",3,0.9,5,21,"RGG_10","Correct consensus"
"1108",4,1,5,21,"RGG_10","Correct consensus"
"1109",5,1,5,21,"RGG_10","Correct consensus"
"1110",6,1,5,21,"RGG_10","Correct consensus"
"1111",7,1,5,21,"RGG_10","Correct consensus"
"1112",8,1,5,21,"RGG_10","Correct consensus"
"1113",9,1,5,21,"RGG_10","Correct consensus"
"1114",10,1,5,21,"RGG_10","Correct consensus"
"1115",11,1,5,21,"RGG_10","Correct consensus"
"1116",12,1,5,21,"RGG_10","Correct consensus"
"1117",1,0.7,4,22,"RGG_10","Correct consensus"
"1118",2,1,4,22,"RGG_10","Correct consensus"
"1119",3,1,4,22,"RGG_10","Correct consensus"
"1120",4,1,4,22,"RGG_10","Correct consensus"
"1121",5,1,4,22,"RGG_10","Correct consensus"
"1122",6,1,4,22,"RGG_10","Correct consensus"
"1123",7,1,4,22,"RGG_10","Correct consensus"
"1124",8,1,4,22,"RGG_10","Correct consensus"
"1125",9,1,4,22,"RGG_10","Correct consensus"
"1126",10,1,4,22,"RGG_10","Correct consensus"
"1127",11,1,4,22,"RGG_10","Correct consensus"
"1128",12,1,4,22,"RGG_10","Correct consensus"
"1129",1,0.7,4,23,"RGG_10","Correct consensus"
"1130",2,1,4,23,"RGG_10","Correct consensus"
"1131",3,1,4,23,"RGG_10","Correct consensus"
"1132",4,1,4,23,"RGG_10","Correct consensus"
"1133",5,1,4,23,"RGG_10","Correct consensus"
"1134",6,1,4,23,"RGG_10","Correct consensus"
"1135",7,1,4,23,"RGG_10","Correct consensus"
"1136",8,1,4,23,"RGG_10","Correct consensus"
"1137",9,1,4,23,"RGG_10","Correct consensus"
"1138",10,1,4,23,"RGG_10","Correct consensus"
"1139",11,1,4,23,"RGG_10","Correct consensus"
"1140",12,1,4,23,"RGG_10","Correct consensus"
"1141",1,0.6,6,24,"RGG_10","Correct consensus"
"1142",2,0.7,6,24,"RGG_10","Correct consensus"
"1143",3,0.9,6,24,"RGG_10","Correct consensus"
"1144",4,1,6,24,"RGG_10","Correct consensus"
"1145",5,1,6,24,"RGG_10","Correct consensus"
"1146",6,1,6,24,"RGG_10","Correct consensus"
"1147",7,1,6,24,"RGG_10","Correct consensus"
"1148",8,1,6,24,"RGG_10","Correct consensus"
"1149",9,1,6,24,"RGG_10","Correct consensus"
"1150",10,1,6,24,"RGG_10","Correct consensus"
"1151",11,1,6,24,"RGG_10","Correct consensus"
"1152",12,1,6,24,"RGG_10","Correct consensus"
